,model_rmse,lime_rmse_0.1,slim_rmse_0.1,lime_rmse_0.25,slim_rmse_0.25
autompgs,0.3890441963744008,0.2748874311251825,0.14184257338493012,0.26154420973624737,0.1859500503532885
happiness,0.2819870952443525,0.2831896514670101,0.20184960448905676,0.2845624831255049,0.2541028240423378
winequality-red,0.7960339239872997,0.2943125376728695,0.20083985853766584,0.29024741835883233,0.21633397280738076
housing,0.4300230563019308,0.36113850649968354,0.21345250196531465,0.3422921499593424,0.24766117758324616
day,0.19594820829784249,0.23592502623348413,0.16821890932394648,0.21827888007024057,0.2206854390600108
crimes,1.1385865620600972,0.18301809511800476,0.17997164260202797,0.16561463855941702,0.3096798203296465
music,0.8098891260772818,0.32499667835728147,0.30649196817948093,0.3051316271820688,0.3328049216836943
communities,0.7568910201358191,0.3360230351878752,0.32271683201433093,0.31212262673561586,0.5759747941020648
