,model_rmse,lime_rmse_0.1,slim_rmse_0.1,lime_rmse_0.2,slim_rmse_0.2
autompgs,0.3737108807070906,0.2727721259156594,0.15114225411721025,0.2642215818473295,0.1789491202008218
happiness,0.2859767500550475,0.28348583850075126,0.20689017321631714,0.2843847843026118,0.25680864661822694
winequality-red,0.7998606436192979,0.28389079653230315,0.2117963105672471,0.28128021699050826,0.26110195838619465
housing,0.45018599721434116,0.3638566734665408,0.20858022498960024,0.3484011931962783,0.2659554507409958
day,0.2059988331938213,0.2387964213397568,0.17668070386295978,0.2234176840631474,0.21593043805183054
crimes,0.9261488435399353,0.14101437986905513,0.9554194206653333,0.09564247942588006,1.8860599892880128
music,0.8178989667527854,0.3059531386082838,0.33727197037083545,0.25945582159312613,0.4154850311835417
communities,0.7549064233171947,0.32990272637781315,0.3974729268045744,0.29496284258379113,0.671065004325297
