,model_rmse,lime_rmse_0.1,slim_rmse_0.1,lime_rmse_0.25,slim_rmse_0.25
autompgs,0.3789448286552205,0.17761675020383572,0.041724964546420364,0.234764732658319,0.1281080806966134
happiness,0.0005093167229097049,0.04968019750831374,3.2673702313677514e-05,0.06370368556678006,6.575906774572632e-05
winequality-red,0.7713669620871136,0.14880634410761673,0.05979962369788018,0.16868366181945693,0.1184892321959942
housing,0.40353773576930335,0.2379243848722603,0.06994230860030842,0.3182033959594798,0.19297330688539283
day,5.596334149036634e-06,0.03357584693048326,2.977360206420834e-06,0.038753221255163665,7.411595533762213e-06
crimes,0.31300313612188785,0.2759063124399882,0.0466406651322256,0.6405453944122178,0.18818046213997533
music,0.7572789973243854,0.18897563773506126,0.18096221157469736,0.28501801092879714,0.27874060485438806
communities,0.6920718414892192,0.40875766872202207,0.12975952669265892,0.932176242788306,0.4269530592717334
